{
  "name" : "The Mysterious Affair at Styles",
  "description" : "Fine-grained error annotation of the machine translation output of the detective novel \"The Mysterious Affair at Styles\" by Agatha Christie.",
  "mode" : "ANNOTATION",
  "version" : 1,
  "source_documents" : [ {
    "name" : "part01_anno1.tsv",
    "format" : "ctsv3",
    "state" : "NEW",
    "timestamp" : null,
    "sentence_accessed" : 0,
    "created" : null,
    "updated" : null
  }, {
    "name" : "part01_anno2.tsv",
    "format" : "ctsv3",
    "state" : "NEW",
    "timestamp" : null,
    "sentence_accessed" : 0,
    "created" : null,
    "updated" : null
  }, {
    "name" : "part02_anno1.tsv",
    "format" : "ctsv3",
    "state" : "NEW",
    "timestamp" : null,
    "sentence_accessed" : 0,
    "created" : null,
    "updated" : null
  }, {
    "name" : "part02_anno2.tsv",
    "format" : "ctsv3",
    "state" : "NEW",
    "timestamp" : null,
    "sentence_accessed" : 0,
    "created" : null,
    "updated" : null
  }, {
    "name" : "part03_anno1.tsv",
    "format" : "ctsv3",
    "state" : "NEW",
    "timestamp" : null,
    "sentence_accessed" : 0,
    "created" : null,
    "updated" : null
  }, {
    "name" : "part04_anno1.tsv",
    "format" : "ctsv3",
    "state" : "NEW",
    "timestamp" : null,
    "sentence_accessed" : 0,
    "created" : null,
    "updated" : null
  }, {
    "name" : "part05_anno1.tsv",
    "format" : "ctsv3",
    "state" : "NEW",
    "timestamp" : null,
    "sentence_accessed" : 0,
    "created" : null,
    "updated" : null
  }, {
    "name" : "part06_anno1.tsv",
    "format" : "ctsv3",
    "state" : "NEW",
    "timestamp" : null,
    "sentence_accessed" : 0,
    "created" : null,
    "updated" : null
  }, {
    "name" : "part07_anno1.tsv",
    "format" : "ctsv3",
    "state" : "NEW",
    "timestamp" : null,
    "sentence_accessed" : 0,
    "created" : null,
    "updated" : null
  }, {
    "name" : "part08_anno1.tsv",
    "format" : "ctsv3",
    "state" : "NEW",
    "timestamp" : null,
    "sentence_accessed" : 0,
    "created" : null,
    "updated" : null
  }, {
    "name" : "part09_anno1.tsv",
    "format" : "ctsv3",
    "state" : "NEW",
    "timestamp" : null,
    "sentence_accessed" : 0,
    "created" : null,
    "updated" : null
  }, {
    "name" : "part10_anno1.tsv",
    "format" : "ctsv3",
    "state" : "NEW",
    "timestamp" : null,
    "sentence_accessed" : 0,
    "created" : null,
    "updated" : null
  }, {
    "name" : "part11_anno1.tsv",
    "format" : "ctsv3",
    "state" : "NEW",
    "timestamp" : null,
    "sentence_accessed" : 0,
    "created" : null,
    "updated" : null
  }, {
    "name" : "part12_anno1.tsv",
    "format" : "ctsv3",
    "state" : "NEW",
    "timestamp" : null,
    "sentence_accessed" : 0,
    "created" : null,
    "updated" : null
  }, {
    "name" : "part13_anno1.tsv",
    "format" : "ctsv3",
    "state" : "NEW",
    "timestamp" : null,
    "sentence_accessed" : 0,
    "created" : null,
    "updated" : null
  } ],
  "training_documents" : [ ],
  "annotation_documents" : [ ],
  "project_permissions" : [ ],
  "tag_sets" : [ {
    "name" : "Accuracy main",
    "typeUiName" : null,
    "description" : "Accuracy main categories",
    "language" : null,
    "type" : null,
    "type_name" : null,
    "type_description" : null,
    "tags" : [ {
      "tag_name" : "Addition",
      "tag_description" : "Target text that is not present in the source sentence."
    }, {
      "tag_name" : "Capitalization & punctuation",
      "tag_description" : "Error related to capitalization or punctuation."
    }, {
      "tag_name" : "DNT",
      "tag_description" : "Do Not Translate: The source content is unnecessarily translated into target language when it should have been left untranslated."
    }, {
      "tag_name" : "Mistranslation",
      "tag_description" : "Source content has been translated (when it should be translated) but the translation is\r\nincorrect: Choose the suitable subcategory."
    }, {
      "tag_name" : "Omission",
      "tag_description" : "Source content that cannot be found in target sentence."
    }, {
      "tag_name" : "Other",
      "tag_description" : "(mechanical)"
    }, {
      "tag_name" : "Untranslated",
      "tag_description" : "The source text is not translated (but was copied to target) when it should have been translated into Dutch."
    } ],
    "create_tag" : false
  }, {
    "name" : "Accuracy mistranslation",
    "typeUiName" : null,
    "description" : "mistranslation subcategories",
    "language" : null,
    "type" : null,
    "type_name" : null,
    "type_description" : null,
    "tags" : [ {
      "tag_name" : "MWE",
      "tag_description" : "Multi Word Expression: The translation is incorrect (and often too literal) because the English sentence\r\ncontained a multi-word expression such as an idiom, a proverb, a collocation, a compound or a\r\nphrasal verb. Idiomatic expressions and proverbs are indicated with a paragraph sign (¶) in van\r\nDale."
    }, {
      "tag_name" : "Other",
      "tag_description" : "The translation is incorrect but the problem cannot be captured with any of the other subcategories of \"Mistranslation\"."
    }, {
      "tag_name" : "POS",
      "tag_description" : "Part-of-Speech: The translation represents an incorrect lexical category (Part-of-Speech) of the corresponding source text."
    }, {
      "tag_name" : "Partial",
      "tag_description" : "The translation is incorrect, e.g. due to the partial translation of a Dutch separable verb."
    }, {
      "tag_name" : "Semantically Unrelated",
      "tag_description" : "The meaning of one or more translated words is not related in any way to the meaning of the source word(s) and does not make any sense in the context."
    }, {
      "tag_name" : "Word Sense",
      "tag_description" : "Word Sense disambiguation: The target content refers to a different (and a wrong) sense of the source content."
    } ],
    "create_tag" : false
  }, {
    "name" : "Fluency coherence",
    "typeUiName" : null,
    "description" : "Subcategories of fluency coherence errors",
    "language" : null,
    "type" : null,
    "type_name" : null,
    "type_description" : null,
    "tags" : [ {
      "tag_name" : "Co-reference",
      "tag_description" : "Co-reference problem, mismatch between entities, e.g. feminine pronoun to refer to a male person."
    }, {
      "tag_name" : "Cultural reference",
      "tag_description" : "The word/phrase refers to something specific of the culture of the source, but makes no sense in the target language."
    }, {
      "tag_name" : "Discourse marker",
      "tag_description" : "The conjunction or linking word expresses a strange relationship."
    }, {
      "tag_name" : "Inconsistency",
      "tag_description" : "A term or a notation is used inconsistently throughout the text."
    }, {
      "tag_name" : "Logical problem",
      "tag_description" : "The information as such is illogical/confusing/makes no sense when looking at the rest of the text."
    }, {
      "tag_name" : "Logical problemn",
      "tag_description" : null
    }, {
      "tag_name" : "Non-existing word",
      "tag_description" : "The word does not exist in Dutch and makes no sense."
    }, {
      "tag_name" : "Verb tense",
      "tag_description" : "The tense of the verb is wrong/illogical in the context of the rest of the sentence/text."
    } ],
    "create_tag" : true
  }, {
    "name" : "Fluency grammar",
    "typeUiName" : null,
    "description" : "Grammar & syntax error subcategories",
    "language" : null,
    "type" : null,
    "type_name" : null,
    "type_description" : null,
    "tags" : [ {
      "tag_name" : "Agreement",
      "tag_description" : "The sentence is grammatically incorrect because there is a mismatch between and article and noun, subject-verb, etc."
    }, {
      "tag_name" : "Extra word",
      "tag_description" : "The sentence is grammatically incorrect because there is a superfluous constituent or word. This can be a constituent that already appeared earlier in the sentence or a word that has been written twice in a row."
    }, {
      "tag_name" : "Missing word",
      "tag_description" : "The sentence is grammatically incorrect because a necessary part of the structure is missing, this can be a preposition or an entire constituent such as an obligatory direct object."
    }, {
      "tag_name" : "Verb form",
      "tag_description" : "A grammatically incorrect verb form."
    }, {
      "tag_name" : "Word order",
      "tag_description" : "A grammatically incorrect word order."
    } ],
    "create_tag" : false
  }, {
    "name" : "Fluency lexicon",
    "typeUiName" : null,
    "description" : "subcategories of lexical errors",
    "language" : null,
    "type" : null,
    "type_name" : null,
    "type_description" : null,
    "tags" : [ {
      "tag_name" : "Lexical choice",
      "tag_description" : "The meaning of the word is clear in the context, but it is not idiomatic in Dutch."
    }, {
      "tag_name" : "Wrong preposition",
      "tag_description" : "This expression requires a different preposition."
    } ],
    "create_tag" : false
  }, {
    "name" : "Fluency main",
    "typeUiName" : null,
    "description" : "Fluency categories",
    "language" : null,
    "type" : null,
    "type_name" : null,
    "type_description" : null,
    "tags" : [ {
      "tag_name" : "Coherence",
      "tag_description" : "There is something wrong with the coherence of the text: lack of logical structure, confusing relationships, lack of logical structure, …"
    }, {
      "tag_name" : "Grammar & Syntax",
      "tag_description" : "Anything that does not follow the grammatical or structural rules of the Dutch language"
    }, {
      "tag_name" : "Lexicon",
      "tag_description" : "One lexical element does not entirely fit in the Dutch sentence."
    }, {
      "tag_name" : "Other",
      "tag_description" : "Other errors"
    }, {
      "tag_name" : "Spelling",
      "tag_description" : "Wrong spelling of a word."
    }, {
      "tag_name" : "Style & Register",
      "tag_description" : "when there are so much errors that it becomes too difficult to annotate them seperately"
    } ],
    "create_tag" : false
  }, {
    "name" : "Fluency style & register",
    "typeUiName" : null,
    "description" : null,
    "language" : null,
    "type" : null,
    "type_name" : null,
    "type_description" : null,
    "tags" : [ {
      "tag_name" : "Disfluent sentence/construction",
      "tag_description" : "The sentence / constituent is not grammatically incorrect, but it is nonetheless very difficult to read, it could be translated in a much more idiomatic way."
    }, {
      "tag_name" : "Register",
      "tag_description" : "The words have the same meaning, but the chosen word/expression is too formal/informal/... for the text or belongs to a regional variety of the language that is not entirely suitable for the target audience.'"
    }, {
      "tag_name" : "Repetition",
      "tag_description" : "The same or a very similar word/expression is used more than once."
    }, {
      "tag_name" : "Untranslated",
      "tag_description" : "A word / fragment of which a Dutch translation exists is left untranslated."
    } ],
    "create_tag" : true
  } ],
  "layers" : [ {
    "name" : "webanno.custom.Accuracy",
    "features" : [ {
      "name" : "Accuracymain",
      "tag_set" : {
        "name" : "Accuracy main",
        "typeUiName" : null,
        "description" : "Accuracy main categories",
        "language" : null,
        "type" : null,
        "type_name" : null,
        "type_description" : null,
        "tags" : [ {
          "tag_name" : "Addition",
          "tag_description" : "Target text that is not present in the source sentence."
        }, {
          "tag_name" : "Capitalization & punctuation",
          "tag_description" : "Error related to capitalization or punctuation."
        }, {
          "tag_name" : "DNT",
          "tag_description" : "Do Not Translate: The source content is unnecessarily translated into target language when it should have been left untranslated."
        }, {
          "tag_name" : "Mistranslation",
          "tag_description" : "Source content has been translated (when it should be translated) but the translation is\r\nincorrect: Choose the suitable subcategory."
        }, {
          "tag_name" : "Omission",
          "tag_description" : "Source content that cannot be found in target sentence."
        }, {
          "tag_name" : "Other",
          "tag_description" : "(mechanical)"
        }, {
          "tag_name" : "Untranslated",
          "tag_description" : "The source text is not translated (but was copied to target) when it should have been translated into Dutch."
        } ],
        "create_tag" : false
      },
      "uiName" : "Accuracy main",
      "type" : "uima.cas.String",
      "enabled" : true,
      "visible" : true,
      "include_in_hover" : false,
      "required" : true,
      "remember" : false,
      "hideUnconstraintFeature" : false,
      "description" : "Accuracy subcategories",
      "project_name" : "The Mysterious Affair at Styles",
      "multi_value_mode" : "NONE",
      "link_mode" : "NONE",
      "link_type_name" : null,
      "link_type_role_feature_name" : null,
      "link_type_target_feature_name" : null
    }, {
      "name" : "Comment",
      "tag_set" : null,
      "uiName" : "Comment",
      "type" : "uima.cas.String",
      "enabled" : true,
      "visible" : false,
      "include_in_hover" : false,
      "required" : false,
      "remember" : false,
      "hideUnconstraintFeature" : false,
      "description" : null,
      "project_name" : "The Mysterious Affair at Styles",
      "multi_value_mode" : "NONE",
      "link_mode" : "NONE",
      "link_type_name" : null,
      "link_type_role_feature_name" : null,
      "link_type_target_feature_name" : null
    }, {
      "name" : "Accuracymistranslation",
      "tag_set" : {
        "name" : "Accuracy mistranslation",
        "typeUiName" : null,
        "description" : "mistranslation subcategories",
        "language" : null,
        "type" : null,
        "type_name" : null,
        "type_description" : null,
        "tags" : [ {
          "tag_name" : "MWE",
          "tag_description" : "Multi Word Expression: The translation is incorrect (and often too literal) because the English sentence\r\ncontained a multi-word expression such as an idiom, a proverb, a collocation, a compound or a\r\nphrasal verb. Idiomatic expressions and proverbs are indicated with a paragraph sign (¶) in van\r\nDale."
        }, {
          "tag_name" : "Other",
          "tag_description" : "The translation is incorrect but the problem cannot be captured with any of the other subcategories of \"Mistranslation\"."
        }, {
          "tag_name" : "POS",
          "tag_description" : "Part-of-Speech: The translation represents an incorrect lexical category (Part-of-Speech) of the corresponding source text."
        }, {
          "tag_name" : "Partial",
          "tag_description" : "The translation is incorrect, e.g. due to the partial translation of a Dutch separable verb."
        }, {
          "tag_name" : "Semantically Unrelated",
          "tag_description" : "The meaning of one or more translated words is not related in any way to the meaning of the source word(s) and does not make any sense in the context."
        }, {
          "tag_name" : "Word Sense",
          "tag_description" : "Word Sense disambiguation: The target content refers to a different (and a wrong) sense of the source content."
        } ],
        "create_tag" : false
      },
      "uiName" : "Mistranslation",
      "type" : "uima.cas.String",
      "enabled" : true,
      "visible" : true,
      "include_in_hover" : false,
      "required" : false,
      "remember" : false,
      "hideUnconstraintFeature" : true,
      "description" : null,
      "project_name" : "The Mysterious Affair at Styles",
      "multi_value_mode" : "NONE",
      "link_mode" : "NONE",
      "link_type_name" : null,
      "link_type_role_feature_name" : null,
      "link_type_target_feature_name" : null
    }, {
      "name" : "Otheraccuracyerrors",
      "tag_set" : {
        "name" : "Accuracy main",
        "typeUiName" : null,
        "description" : "Accuracy main categories",
        "language" : null,
        "type" : null,
        "type_name" : null,
        "type_description" : null,
        "tags" : [ {
          "tag_name" : "Addition",
          "tag_description" : "Target text that is not present in the source sentence."
        }, {
          "tag_name" : "Capitalization & punctuation",
          "tag_description" : "Error related to capitalization or punctuation."
        }, {
          "tag_name" : "DNT",
          "tag_description" : "Do Not Translate: The source content is unnecessarily translated into target language when it should have been left untranslated."
        }, {
          "tag_name" : "Mistranslation",
          "tag_description" : "Source content has been translated (when it should be translated) but the translation is\r\nincorrect: Choose the suitable subcategory."
        }, {
          "tag_name" : "Omission",
          "tag_description" : "Source content that cannot be found in target sentence."
        }, {
          "tag_name" : "Other",
          "tag_description" : "(mechanical)"
        }, {
          "tag_name" : "Untranslated",
          "tag_description" : "The source text is not translated (but was copied to target) when it should have been translated into Dutch."
        } ],
        "create_tag" : false
      },
      "uiName" : "main",
      "type" : "uima.cas.String",
      "enabled" : false,
      "visible" : false,
      "include_in_hover" : false,
      "required" : false,
      "remember" : false,
      "hideUnconstraintFeature" : false,
      "description" : null,
      "project_name" : "The Mysterious Affair at Styles",
      "multi_value_mode" : "NONE",
      "link_mode" : "NONE",
      "link_type_name" : null,
      "link_type_role_feature_name" : null,
      "link_type_target_feature_name" : null
    }, {
      "name" : "main",
      "tag_set" : null,
      "uiName" : "main",
      "type" : "uima.cas.String",
      "enabled" : false,
      "visible" : false,
      "include_in_hover" : false,
      "required" : false,
      "remember" : false,
      "hideUnconstraintFeature" : false,
      "description" : "main accuracy categories",
      "project_name" : "The Mysterious Affair at Styles",
      "multi_value_mode" : "NONE",
      "link_mode" : "NONE",
      "link_type_name" : null,
      "link_type_role_feature_name" : null,
      "link_type_target_feature_name" : null
    }, {
      "name" : "mistranslation",
      "tag_set" : {
        "name" : "Accuracy mistranslation",
        "typeUiName" : null,
        "description" : "mistranslation subcategories",
        "language" : null,
        "type" : null,
        "type_name" : null,
        "type_description" : null,
        "tags" : [ {
          "tag_name" : "MWE",
          "tag_description" : "Multi Word Expression: The translation is incorrect (and often too literal) because the English sentence\r\ncontained a multi-word expression such as an idiom, a proverb, a collocation, a compound or a\r\nphrasal verb. Idiomatic expressions and proverbs are indicated with a paragraph sign (¶) in van\r\nDale."
        }, {
          "tag_name" : "Other",
          "tag_description" : "The translation is incorrect but the problem cannot be captured with any of the other subcategories of \"Mistranslation\"."
        }, {
          "tag_name" : "POS",
          "tag_description" : "Part-of-Speech: The translation represents an incorrect lexical category (Part-of-Speech) of the corresponding source text."
        }, {
          "tag_name" : "Partial",
          "tag_description" : "The translation is incorrect, e.g. due to the partial translation of a Dutch separable verb."
        }, {
          "tag_name" : "Semantically Unrelated",
          "tag_description" : "The meaning of one or more translated words is not related in any way to the meaning of the source word(s) and does not make any sense in the context."
        }, {
          "tag_name" : "Word Sense",
          "tag_description" : "Word Sense disambiguation: The target content refers to a different (and a wrong) sense of the source content."
        } ],
        "create_tag" : false
      },
      "uiName" : "mistranslation",
      "type" : "uima.cas.String",
      "enabled" : true,
      "visible" : true,
      "include_in_hover" : false,
      "required" : false,
      "remember" : false,
      "hideUnconstraintFeature" : true,
      "description" : null,
      "project_name" : "The Mysterious Affair at Styles",
      "multi_value_mode" : "NONE",
      "link_mode" : "NONE",
      "link_type_name" : null,
      "link_type_role_feature_name" : null,
      "link_type_target_feature_name" : null
    } ],
    "uiName" : "Accuracy",
    "type" : "span",
    "description" : "Accuracy errors",
    "enabled" : true,
    "built_in" : false,
    "readonly" : false,
    "attach_type" : null,
    "attach_feature" : null,
    "lock_to_token_offset" : false,
    "allow_stacking" : true,
    "cross_sentence" : true,
    "show_hover" : true,
    "multiple_tokens" : true,
    "project_name" : "The Mysterious Affair at Styles",
    "linked_list_behavior" : false,
    "on_click_javascript_action" : null
  }, {
    "name" : "de.tudarmstadt.ukp.dkpro.core.api.syntax.type.chunk.Chunk",
    "features" : [ {
      "name" : "chunkValue",
      "tag_set" : null,
      "uiName" : "Tag",
      "type" : "uima.cas.String",
      "enabled" : true,
      "visible" : true,
      "include_in_hover" : false,
      "required" : false,
      "remember" : false,
      "hideUnconstraintFeature" : false,
      "description" : "Chunk tag",
      "project_name" : "The Mysterious Affair at Styles",
      "multi_value_mode" : "NONE",
      "link_mode" : "NONE",
      "link_type_name" : null,
      "link_type_role_feature_name" : null,
      "link_type_target_feature_name" : null
    } ],
    "uiName" : "Chunk",
    "type" : "span",
    "description" : null,
    "enabled" : false,
    "built_in" : true,
    "readonly" : false,
    "attach_type" : null,
    "attach_feature" : null,
    "lock_to_token_offset" : false,
    "allow_stacking" : false,
    "cross_sentence" : false,
    "show_hover" : true,
    "multiple_tokens" : true,
    "project_name" : "The Mysterious Affair at Styles",
    "linked_list_behavior" : false,
    "on_click_javascript_action" : null
  }, {
    "name" : "de.tudarmstadt.ukp.dkpro.core.api.coref.type.Coreference",
    "features" : [ {
      "name" : "referenceRelation",
      "tag_set" : null,
      "uiName" : "referenceRelation",
      "type" : "uima.cas.String",
      "enabled" : true,
      "visible" : true,
      "include_in_hover" : false,
      "required" : false,
      "remember" : false,
      "hideUnconstraintFeature" : false,
      "description" : "Coreference relation",
      "project_name" : "The Mysterious Affair at Styles",
      "multi_value_mode" : "NONE",
      "link_mode" : "NONE",
      "link_type_name" : null,
      "link_type_role_feature_name" : null,
      "link_type_target_feature_name" : null
    }, {
      "name" : "referenceType",
      "tag_set" : null,
      "uiName" : "referenceType",
      "type" : "uima.cas.String",
      "enabled" : true,
      "visible" : true,
      "include_in_hover" : false,
      "required" : false,
      "remember" : false,
      "hideUnconstraintFeature" : false,
      "description" : "Coreference type",
      "project_name" : "The Mysterious Affair at Styles",
      "multi_value_mode" : "NONE",
      "link_mode" : "NONE",
      "link_type_name" : null,
      "link_type_role_feature_name" : null,
      "link_type_target_feature_name" : null
    } ],
    "uiName" : "Coreference",
    "type" : "chain",
    "description" : null,
    "enabled" : false,
    "built_in" : true,
    "readonly" : false,
    "attach_type" : null,
    "attach_feature" : null,
    "lock_to_token_offset" : false,
    "allow_stacking" : true,
    "cross_sentence" : true,
    "show_hover" : true,
    "multiple_tokens" : true,
    "project_name" : "The Mysterious Affair at Styles",
    "linked_list_behavior" : false,
    "on_click_javascript_action" : null
  }, {
    "name" : "de.tudarmstadt.ukp.dkpro.core.api.syntax.type.dependency.Dependency",
    "features" : [ {
      "name" : "flavor",
      "tag_set" : null,
      "uiName" : "Flavor",
      "type" : "uima.cas.String",
      "enabled" : true,
      "visible" : true,
      "include_in_hover" : false,
      "required" : false,
      "remember" : false,
      "hideUnconstraintFeature" : false,
      "description" : "Dependency relation",
      "project_name" : "The Mysterious Affair at Styles",
      "multi_value_mode" : "NONE",
      "link_mode" : "NONE",
      "link_type_name" : null,
      "link_type_role_feature_name" : null,
      "link_type_target_feature_name" : null
    }, {
      "name" : "DependencyType",
      "tag_set" : null,
      "uiName" : "Relation",
      "type" : "uima.cas.String",
      "enabled" : true,
      "visible" : true,
      "include_in_hover" : false,
      "required" : false,
      "remember" : false,
      "hideUnconstraintFeature" : false,
      "description" : "Dependency relation",
      "project_name" : "The Mysterious Affair at Styles",
      "multi_value_mode" : "NONE",
      "link_mode" : "NONE",
      "link_type_name" : null,
      "link_type_role_feature_name" : null,
      "link_type_target_feature_name" : null
    } ],
    "uiName" : "Dependency",
    "type" : "relation",
    "description" : null,
    "enabled" : false,
    "built_in" : true,
    "readonly" : false,
    "attach_type" : {
      "name" : "de.tudarmstadt.ukp.dkpro.core.api.segmentation.type.Token",
      "features" : [ {
        "name" : "lemma",
        "tag_set" : null,
        "uiName" : "lemma",
        "type" : "de.tudarmstadt.ukp.dkpro.core.api.segmentation.type.Lemma",
        "enabled" : true,
        "visible" : true,
        "include_in_hover" : false,
        "required" : false,
        "remember" : false,
        "hideUnconstraintFeature" : false,
        "description" : null,
        "project_name" : "The Mysterious Affair at Styles",
        "multi_value_mode" : "NONE",
        "link_mode" : "NONE",
        "link_type_name" : null,
        "link_type_role_feature_name" : null,
        "link_type_target_feature_name" : null
      }, {
        "name" : "morph",
        "tag_set" : null,
        "uiName" : "morph",
        "type" : "de.tudarmstadt.ukp.dkpro.core.api.segmentation.type.Lemma",
        "enabled" : true,
        "visible" : true,
        "include_in_hover" : false,
        "required" : false,
        "remember" : false,
        "hideUnconstraintFeature" : false,
        "description" : null,
        "project_name" : "The Mysterious Affair at Styles",
        "multi_value_mode" : "NONE",
        "link_mode" : "NONE",
        "link_type_name" : null,
        "link_type_role_feature_name" : null,
        "link_type_target_feature_name" : null
      }, {
        "name" : "pos",
        "tag_set" : null,
        "uiName" : "pos",
        "type" : "de.tudarmstadt.ukp.dkpro.core.api.lexmorph.type.pos.POS",
        "enabled" : true,
        "visible" : true,
        "include_in_hover" : false,
        "required" : false,
        "remember" : false,
        "hideUnconstraintFeature" : false,
        "description" : null,
        "project_name" : "The Mysterious Affair at Styles",
        "multi_value_mode" : "NONE",
        "link_mode" : "NONE",
        "link_type_name" : null,
        "link_type_role_feature_name" : null,
        "link_type_target_feature_name" : null
      } ],
      "uiName" : "Token",
      "type" : "span",
      "description" : null,
      "enabled" : true,
      "built_in" : true,
      "readonly" : false,
      "attach_type" : null,
      "attach_feature" : null,
      "lock_to_token_offset" : true,
      "allow_stacking" : false,
      "cross_sentence" : false,
      "show_hover" : true,
      "multiple_tokens" : false,
      "project_name" : "The Mysterious Affair at Styles",
      "linked_list_behavior" : false,
      "on_click_javascript_action" : null
    },
    "attach_feature" : {
      "name" : "pos",
      "tag_set" : null,
      "uiName" : "pos",
      "type" : "de.tudarmstadt.ukp.dkpro.core.api.lexmorph.type.pos.POS",
      "enabled" : true,
      "visible" : true,
      "include_in_hover" : false,
      "required" : false,
      "remember" : false,
      "hideUnconstraintFeature" : false,
      "description" : null,
      "project_name" : "The Mysterious Affair at Styles",
      "multi_value_mode" : "NONE",
      "link_mode" : "NONE",
      "link_type_name" : null,
      "link_type_role_feature_name" : null,
      "link_type_target_feature_name" : null
    },
    "lock_to_token_offset" : true,
    "allow_stacking" : false,
    "cross_sentence" : false,
    "show_hover" : true,
    "multiple_tokens" : false,
    "project_name" : "The Mysterious Affair at Styles",
    "linked_list_behavior" : false,
    "on_click_javascript_action" : null
  }, {
    "name" : "webanno.custom.Fluency",
    "features" : [ {
      "name" : "Coherence",
      "tag_set" : {
        "name" : "Fluency coherence",
        "typeUiName" : null,
        "description" : "Subcategories of fluency coherence errors",
        "language" : null,
        "type" : null,
        "type_name" : null,
        "type_description" : null,
        "tags" : [ {
          "tag_name" : "Co-reference",
          "tag_description" : "Co-reference problem, mismatch between entities, e.g. feminine pronoun to refer to a male person."
        }, {
          "tag_name" : "Cultural reference",
          "tag_description" : "The word/phrase refers to something specific of the culture of the source, but makes no sense in the target language."
        }, {
          "tag_name" : "Discourse marker",
          "tag_description" : "The conjunction or linking word expresses a strange relationship."
        }, {
          "tag_name" : "Inconsistency",
          "tag_description" : "A term or a notation is used inconsistently throughout the text."
        }, {
          "tag_name" : "Logical problem",
          "tag_description" : "The information as such is illogical/confusing/makes no sense when looking at the rest of the text."
        }, {
          "tag_name" : "Logical problemn",
          "tag_description" : null
        }, {
          "tag_name" : "Non-existing word",
          "tag_description" : "The word does not exist in Dutch and makes no sense."
        }, {
          "tag_name" : "Verb tense",
          "tag_description" : "The tense of the verb is wrong/illogical in the context of the rest of the sentence/text."
        } ],
        "create_tag" : true
      },
      "uiName" : "Coherence",
      "type" : "uima.cas.String",
      "enabled" : true,
      "visible" : true,
      "include_in_hover" : false,
      "required" : false,
      "remember" : false,
      "hideUnconstraintFeature" : true,
      "description" : null,
      "project_name" : "The Mysterious Affair at Styles",
      "multi_value_mode" : "NONE",
      "link_mode" : "NONE",
      "link_type_name" : null,
      "link_type_role_feature_name" : null,
      "link_type_target_feature_name" : null
    }, {
      "name" : "Comment",
      "tag_set" : null,
      "uiName" : "Comment",
      "type" : "uima.cas.String",
      "enabled" : true,
      "visible" : false,
      "include_in_hover" : false,
      "required" : false,
      "remember" : false,
      "hideUnconstraintFeature" : false,
      "description" : "Add comments to annotation.",
      "project_name" : "The Mysterious Affair at Styles",
      "multi_value_mode" : "NONE",
      "link_mode" : "NONE",
      "link_type_name" : null,
      "link_type_role_feature_name" : null,
      "link_type_target_feature_name" : null
    }, {
      "name" : "main",
      "tag_set" : {
        "name" : "Fluency main",
        "typeUiName" : null,
        "description" : "Fluency categories",
        "language" : null,
        "type" : null,
        "type_name" : null,
        "type_description" : null,
        "tags" : [ {
          "tag_name" : "Coherence",
          "tag_description" : "There is something wrong with the coherence of the text: lack of logical structure, confusing relationships, lack of logical structure, …"
        }, {
          "tag_name" : "Grammar & Syntax",
          "tag_description" : "Anything that does not follow the grammatical or structural rules of the Dutch language"
        }, {
          "tag_name" : "Lexicon",
          "tag_description" : "One lexical element does not entirely fit in the Dutch sentence."
        }, {
          "tag_name" : "Other",
          "tag_description" : "Other errors"
        }, {
          "tag_name" : "Spelling",
          "tag_description" : "Wrong spelling of a word."
        }, {
          "tag_name" : "Style & Register",
          "tag_description" : "when there are so much errors that it becomes too difficult to annotate them seperately"
        } ],
        "create_tag" : false
      },
      "uiName" : "Fluency Main",
      "type" : "uima.cas.String",
      "enabled" : true,
      "visible" : true,
      "include_in_hover" : false,
      "required" : true,
      "remember" : false,
      "hideUnconstraintFeature" : false,
      "description" : "main fluency error categories",
      "project_name" : "The Mysterious Affair at Styles",
      "multi_value_mode" : "NONE",
      "link_mode" : "NONE",
      "link_type_name" : null,
      "link_type_role_feature_name" : null,
      "link_type_target_feature_name" : null
    }, {
      "name" : "FluencyGrammar",
      "tag_set" : {
        "name" : "Fluency grammar",
        "typeUiName" : null,
        "description" : "Grammar & syntax error subcategories",
        "language" : null,
        "type" : null,
        "type_name" : null,
        "type_description" : null,
        "tags" : [ {
          "tag_name" : "Agreement",
          "tag_description" : "The sentence is grammatically incorrect because there is a mismatch between and article and noun, subject-verb, etc."
        }, {
          "tag_name" : "Extra word",
          "tag_description" : "The sentence is grammatically incorrect because there is a superfluous constituent or word. This can be a constituent that already appeared earlier in the sentence or a word that has been written twice in a row."
        }, {
          "tag_name" : "Missing word",
          "tag_description" : "The sentence is grammatically incorrect because a necessary part of the structure is missing, this can be a preposition or an entire constituent such as an obligatory direct object."
        }, {
          "tag_name" : "Verb form",
          "tag_description" : "A grammatically incorrect verb form."
        }, {
          "tag_name" : "Word order",
          "tag_description" : "A grammatically incorrect word order."
        } ],
        "create_tag" : false
      },
      "uiName" : "Gra & Syn",
      "type" : "uima.cas.String",
      "enabled" : true,
      "visible" : true,
      "include_in_hover" : false,
      "required" : false,
      "remember" : false,
      "hideUnconstraintFeature" : true,
      "description" : null,
      "project_name" : "The Mysterious Affair at Styles",
      "multi_value_mode" : "NONE",
      "link_mode" : "NONE",
      "link_type_name" : null,
      "link_type_role_feature_name" : null,
      "link_type_target_feature_name" : null
    }, {
      "name" : "FluencyLexicon",
      "tag_set" : {
        "name" : "Fluency lexicon",
        "typeUiName" : null,
        "description" : "subcategories of lexical errors",
        "language" : null,
        "type" : null,
        "type_name" : null,
        "type_description" : null,
        "tags" : [ {
          "tag_name" : "Lexical choice",
          "tag_description" : "The meaning of the word is clear in the context, but it is not idiomatic in Dutch."
        }, {
          "tag_name" : "Wrong preposition",
          "tag_description" : "This expression requires a different preposition."
        } ],
        "create_tag" : false
      },
      "uiName" : "Lexicon",
      "type" : "uima.cas.String",
      "enabled" : true,
      "visible" : true,
      "include_in_hover" : false,
      "required" : false,
      "remember" : false,
      "hideUnconstraintFeature" : true,
      "description" : null,
      "project_name" : "The Mysterious Affair at Styles",
      "multi_value_mode" : "NONE",
      "link_mode" : "NONE",
      "link_type_name" : null,
      "link_type_role_feature_name" : null,
      "link_type_target_feature_name" : null
    }, {
      "name" : "StyleRegister",
      "tag_set" : {
        "name" : "Fluency style & register",
        "typeUiName" : null,
        "description" : null,
        "language" : null,
        "type" : null,
        "type_name" : null,
        "type_description" : null,
        "tags" : [ {
          "tag_name" : "Disfluent sentence/construction",
          "tag_description" : "The sentence / constituent is not grammatically incorrect, but it is nonetheless very difficult to read, it could be translated in a much more idiomatic way."
        }, {
          "tag_name" : "Register",
          "tag_description" : "The words have the same meaning, but the chosen word/expression is too formal/informal/... for the text or belongs to a regional variety of the language that is not entirely suitable for the target audience.'"
        }, {
          "tag_name" : "Repetition",
          "tag_description" : "The same or a very similar word/expression is used more than once."
        }, {
          "tag_name" : "Untranslated",
          "tag_description" : "A word / fragment of which a Dutch translation exists is left untranslated."
        } ],
        "create_tag" : true
      },
      "uiName" : "Style & Reg",
      "type" : "uima.cas.String",
      "enabled" : true,
      "visible" : true,
      "include_in_hover" : false,
      "required" : false,
      "remember" : false,
      "hideUnconstraintFeature" : true,
      "description" : null,
      "project_name" : "The Mysterious Affair at Styles",
      "multi_value_mode" : "NONE",
      "link_mode" : "NONE",
      "link_type_name" : null,
      "link_type_role_feature_name" : null,
      "link_type_target_feature_name" : null
    }, {
      "name" : "grammar",
      "tag_set" : {
        "name" : "Fluency grammar",
        "typeUiName" : null,
        "description" : "Grammar & syntax error subcategories",
        "language" : null,
        "type" : null,
        "type_name" : null,
        "type_description" : null,
        "tags" : [ {
          "tag_name" : "Agreement",
          "tag_description" : "The sentence is grammatically incorrect because there is a mismatch between and article and noun, subject-verb, etc."
        }, {
          "tag_name" : "Extra word",
          "tag_description" : "The sentence is grammatically incorrect because there is a superfluous constituent or word. This can be a constituent that already appeared earlier in the sentence or a word that has been written twice in a row."
        }, {
          "tag_name" : "Missing word",
          "tag_description" : "The sentence is grammatically incorrect because a necessary part of the structure is missing, this can be a preposition or an entire constituent such as an obligatory direct object."
        }, {
          "tag_name" : "Verb form",
          "tag_description" : "A grammatically incorrect verb form."
        }, {
          "tag_name" : "Word order",
          "tag_description" : "A grammatically incorrect word order."
        } ],
        "create_tag" : false
      },
      "uiName" : "grammar",
      "type" : "uima.cas.String",
      "enabled" : false,
      "visible" : false,
      "include_in_hover" : false,
      "required" : false,
      "remember" : false,
      "hideUnconstraintFeature" : true,
      "description" : null,
      "project_name" : "The Mysterious Affair at Styles",
      "multi_value_mode" : "NONE",
      "link_mode" : "NONE",
      "link_type_name" : null,
      "link_type_role_feature_name" : null,
      "link_type_target_feature_name" : null
    }, {
      "name" : "lexicon",
      "tag_set" : {
        "name" : "Fluency lexicon",
        "typeUiName" : null,
        "description" : "subcategories of lexical errors",
        "language" : null,
        "type" : null,
        "type_name" : null,
        "type_description" : null,
        "tags" : [ {
          "tag_name" : "Lexical choice",
          "tag_description" : "The meaning of the word is clear in the context, but it is not idiomatic in Dutch."
        }, {
          "tag_name" : "Wrong preposition",
          "tag_description" : "This expression requires a different preposition."
        } ],
        "create_tag" : false
      },
      "uiName" : "lexicon",
      "type" : "uima.cas.String",
      "enabled" : false,
      "visible" : false,
      "include_in_hover" : false,
      "required" : false,
      "remember" : false,
      "hideUnconstraintFeature" : false,
      "description" : null,
      "project_name" : "The Mysterious Affair at Styles",
      "multi_value_mode" : "NONE",
      "link_mode" : "NONE",
      "link_type_name" : null,
      "link_type_role_feature_name" : null,
      "link_type_target_feature_name" : null
    } ],
    "uiName" : "Fluency",
    "type" : "span",
    "description" : "Fluency errors",
    "enabled" : true,
    "built_in" : false,
    "readonly" : false,
    "attach_type" : null,
    "attach_feature" : null,
    "lock_to_token_offset" : false,
    "allow_stacking" : true,
    "cross_sentence" : true,
    "show_hover" : true,
    "multiple_tokens" : true,
    "project_name" : "The Mysterious Affair at Styles",
    "linked_list_behavior" : false,
    "on_click_javascript_action" : null
  }, {
    "name" : "webanno.custom.FluencyCoherence",
    "features" : [ {
      "name" : "subcategory",
      "tag_set" : null,
      "uiName" : "sub-category",
      "type" : "uima.cas.String",
      "enabled" : true,
      "visible" : true,
      "include_in_hover" : false,
      "required" : false,
      "remember" : false,
      "hideUnconstraintFeature" : false,
      "description" : null,
      "project_name" : "The Mysterious Affair at Styles",
      "multi_value_mode" : "NONE",
      "link_mode" : "NONE",
      "link_type_name" : null,
      "link_type_role_feature_name" : null,
      "link_type_target_feature_name" : null
    } ],
    "uiName" : "Fluency - Coherence",
    "type" : "span",
    "description" : null,
    "enabled" : false,
    "built_in" : false,
    "readonly" : false,
    "attach_type" : null,
    "attach_feature" : null,
    "lock_to_token_offset" : false,
    "allow_stacking" : true,
    "cross_sentence" : true,
    "show_hover" : true,
    "multiple_tokens" : true,
    "project_name" : "The Mysterious Affair at Styles",
    "linked_list_behavior" : false,
    "on_click_javascript_action" : null
  }, {
    "name" : "webanno.custom.FluencyGrammarSyntax",
    "features" : [ {
      "name" : "subcategory",
      "tag_set" : null,
      "uiName" : "sub-category",
      "type" : "uima.cas.String",
      "enabled" : true,
      "visible" : true,
      "include_in_hover" : false,
      "required" : false,
      "remember" : false,
      "hideUnconstraintFeature" : false,
      "description" : null,
      "project_name" : "The Mysterious Affair at Styles",
      "multi_value_mode" : "NONE",
      "link_mode" : "NONE",
      "link_type_name" : null,
      "link_type_role_feature_name" : null,
      "link_type_target_feature_name" : null
    } ],
    "uiName" : "Fluency - Grammar & Syntax",
    "type" : "span",
    "description" : null,
    "enabled" : false,
    "built_in" : false,
    "readonly" : false,
    "attach_type" : null,
    "attach_feature" : null,
    "lock_to_token_offset" : false,
    "allow_stacking" : true,
    "cross_sentence" : true,
    "show_hover" : true,
    "multiple_tokens" : true,
    "project_name" : "The Mysterious Affair at Styles",
    "linked_list_behavior" : false,
    "on_click_javascript_action" : null
  }, {
    "name" : "webanno.custom.FluencyLexicon",
    "features" : [ {
      "name" : "subcategory",
      "tag_set" : null,
      "uiName" : "sub-category",
      "type" : "uima.cas.String",
      "enabled" : true,
      "visible" : true,
      "include_in_hover" : false,
      "required" : false,
      "remember" : false,
      "hideUnconstraintFeature" : false,
      "description" : null,
      "project_name" : "The Mysterious Affair at Styles",
      "multi_value_mode" : "NONE",
      "link_mode" : "NONE",
      "link_type_name" : null,
      "link_type_role_feature_name" : null,
      "link_type_target_feature_name" : null
    } ],
    "uiName" : "Fluency - Lexicon",
    "type" : "span",
    "description" : null,
    "enabled" : false,
    "built_in" : false,
    "readonly" : false,
    "attach_type" : null,
    "attach_feature" : null,
    "lock_to_token_offset" : false,
    "allow_stacking" : true,
    "cross_sentence" : true,
    "show_hover" : true,
    "multiple_tokens" : true,
    "project_name" : "The Mysterious Affair at Styles",
    "linked_list_behavior" : false,
    "on_click_javascript_action" : null
  }, {
    "name" : "webanno.custom.FluencyOther",
    "features" : [ ],
    "uiName" : "Fluency - Other",
    "type" : "span",
    "description" : null,
    "enabled" : false,
    "built_in" : false,
    "readonly" : false,
    "attach_type" : null,
    "attach_feature" : null,
    "lock_to_token_offset" : false,
    "allow_stacking" : true,
    "cross_sentence" : true,
    "show_hover" : true,
    "multiple_tokens" : true,
    "project_name" : "The Mysterious Affair at Styles",
    "linked_list_behavior" : false,
    "on_click_javascript_action" : null
  }, {
    "name" : "webanno.custom.FluencySpelling",
    "features" : [ {
      "name" : "subcategory",
      "tag_set" : null,
      "uiName" : "sub-category",
      "type" : "uima.cas.String",
      "enabled" : false,
      "visible" : false,
      "include_in_hover" : false,
      "required" : false,
      "remember" : false,
      "hideUnconstraintFeature" : false,
      "description" : null,
      "project_name" : "The Mysterious Affair at Styles",
      "multi_value_mode" : "NONE",
      "link_mode" : "NONE",
      "link_type_name" : null,
      "link_type_role_feature_name" : null,
      "link_type_target_feature_name" : null
    } ],
    "uiName" : "Fluency - Spelling",
    "type" : "span",
    "description" : null,
    "enabled" : false,
    "built_in" : false,
    "readonly" : false,
    "attach_type" : null,
    "attach_feature" : null,
    "lock_to_token_offset" : false,
    "allow_stacking" : true,
    "cross_sentence" : true,
    "show_hover" : true,
    "multiple_tokens" : true,
    "project_name" : "The Mysterious Affair at Styles",
    "linked_list_behavior" : false,
    "on_click_javascript_action" : null
  }, {
    "name" : "webanno.custom.FluencyStyleRegister",
    "features" : [ {
      "name" : "subcategory",
      "tag_set" : {
        "name" : "Fluency style & register",
        "typeUiName" : null,
        "description" : null,
        "language" : null,
        "type" : null,
        "type_name" : null,
        "type_description" : null,
        "tags" : [ {
          "tag_name" : "Disfluent sentence/construction",
          "tag_description" : "The sentence / constituent is not grammatically incorrect, but it is nonetheless very difficult to read, it could be translated in a much more idiomatic way."
        }, {
          "tag_name" : "Register",
          "tag_description" : "The words have the same meaning, but the chosen word/expression is too formal/informal/... for the text or belongs to a regional variety of the language that is not entirely suitable for the target audience.'"
        }, {
          "tag_name" : "Repetition",
          "tag_description" : "The same or a very similar word/expression is used more than once."
        }, {
          "tag_name" : "Untranslated",
          "tag_description" : "A word / fragment of which a Dutch translation exists is left untranslated."
        } ],
        "create_tag" : true
      },
      "uiName" : "sub-category",
      "type" : "uima.cas.String",
      "enabled" : true,
      "visible" : true,
      "include_in_hover" : false,
      "required" : false,
      "remember" : false,
      "hideUnconstraintFeature" : false,
      "description" : null,
      "project_name" : "The Mysterious Affair at Styles",
      "multi_value_mode" : "NONE",
      "link_mode" : "NONE",
      "link_type_name" : null,
      "link_type_role_feature_name" : null,
      "link_type_target_feature_name" : null
    } ],
    "uiName" : "Fluency - Style & Register",
    "type" : "span",
    "description" : null,
    "enabled" : false,
    "built_in" : false,
    "readonly" : false,
    "attach_type" : null,
    "attach_feature" : null,
    "lock_to_token_offset" : false,
    "allow_stacking" : true,
    "cross_sentence" : true,
    "show_hover" : true,
    "multiple_tokens" : true,
    "project_name" : "The Mysterious Affair at Styles",
    "linked_list_behavior" : false,
    "on_click_javascript_action" : null
  }, {
    "name" : "de.tudarmstadt.ukp.dkpro.core.api.segmentation.type.Lemma",
    "features" : [ {
      "name" : "value",
      "tag_set" : null,
      "uiName" : "Lemma",
      "type" : "uima.cas.String",
      "enabled" : true,
      "visible" : true,
      "include_in_hover" : false,
      "required" : false,
      "remember" : false,
      "hideUnconstraintFeature" : false,
      "description" : "lemma Annotation",
      "project_name" : "The Mysterious Affair at Styles",
      "multi_value_mode" : "NONE",
      "link_mode" : "NONE",
      "link_type_name" : null,
      "link_type_role_feature_name" : null,
      "link_type_target_feature_name" : null
    } ],
    "uiName" : "Lemma",
    "type" : "span",
    "description" : null,
    "enabled" : false,
    "built_in" : true,
    "readonly" : false,
    "attach_type" : {
      "name" : "de.tudarmstadt.ukp.dkpro.core.api.segmentation.type.Token",
      "features" : [ {
        "name" : "lemma",
        "tag_set" : null,
        "uiName" : "lemma",
        "type" : "de.tudarmstadt.ukp.dkpro.core.api.segmentation.type.Lemma",
        "enabled" : true,
        "visible" : true,
        "include_in_hover" : false,
        "required" : false,
        "remember" : false,
        "hideUnconstraintFeature" : false,
        "description" : null,
        "project_name" : "The Mysterious Affair at Styles",
        "multi_value_mode" : "NONE",
        "link_mode" : "NONE",
        "link_type_name" : null,
        "link_type_role_feature_name" : null,
        "link_type_target_feature_name" : null
      }, {
        "name" : "morph",
        "tag_set" : null,
        "uiName" : "morph",
        "type" : "de.tudarmstadt.ukp.dkpro.core.api.segmentation.type.Lemma",
        "enabled" : true,
        "visible" : true,
        "include_in_hover" : false,
        "required" : false,
        "remember" : false,
        "hideUnconstraintFeature" : false,
        "description" : null,
        "project_name" : "The Mysterious Affair at Styles",
        "multi_value_mode" : "NONE",
        "link_mode" : "NONE",
        "link_type_name" : null,
        "link_type_role_feature_name" : null,
        "link_type_target_feature_name" : null
      }, {
        "name" : "pos",
        "tag_set" : null,
        "uiName" : "pos",
        "type" : "de.tudarmstadt.ukp.dkpro.core.api.lexmorph.type.pos.POS",
        "enabled" : true,
        "visible" : true,
        "include_in_hover" : false,
        "required" : false,
        "remember" : false,
        "hideUnconstraintFeature" : false,
        "description" : null,
        "project_name" : "The Mysterious Affair at Styles",
        "multi_value_mode" : "NONE",
        "link_mode" : "NONE",
        "link_type_name" : null,
        "link_type_role_feature_name" : null,
        "link_type_target_feature_name" : null
      } ],
      "uiName" : "Token",
      "type" : "span",
      "description" : null,
      "enabled" : true,
      "built_in" : true,
      "readonly" : false,
      "attach_type" : null,
      "attach_feature" : null,
      "lock_to_token_offset" : true,
      "allow_stacking" : false,
      "cross_sentence" : false,
      "show_hover" : true,
      "multiple_tokens" : false,
      "project_name" : "The Mysterious Affair at Styles",
      "linked_list_behavior" : false,
      "on_click_javascript_action" : null
    },
    "attach_feature" : {
      "name" : "lemma",
      "tag_set" : null,
      "uiName" : "lemma",
      "type" : "de.tudarmstadt.ukp.dkpro.core.api.segmentation.type.Lemma",
      "enabled" : true,
      "visible" : true,
      "include_in_hover" : false,
      "required" : false,
      "remember" : false,
      "hideUnconstraintFeature" : false,
      "description" : null,
      "project_name" : "The Mysterious Affair at Styles",
      "multi_value_mode" : "NONE",
      "link_mode" : "NONE",
      "link_type_name" : null,
      "link_type_role_feature_name" : null,
      "link_type_target_feature_name" : null
    },
    "lock_to_token_offset" : true,
    "allow_stacking" : false,
    "cross_sentence" : false,
    "show_hover" : true,
    "multiple_tokens" : false,
    "project_name" : "The Mysterious Affair at Styles",
    "linked_list_behavior" : false,
    "on_click_javascript_action" : null
  }, {
    "name" : "de.tudarmstadt.ukp.dkpro.core.api.lexmorph.type.morph.MorphologicalFeatures",
    "features" : [ {
      "name" : "value",
      "tag_set" : null,
      "uiName" : "Features",
      "type" : "uima.cas.String",
      "enabled" : true,
      "visible" : false,
      "include_in_hover" : false,
      "required" : false,
      "remember" : false,
      "hideUnconstraintFeature" : false,
      "description" : "Morphological features",
      "project_name" : "The Mysterious Affair at Styles",
      "multi_value_mode" : "NONE",
      "link_mode" : "NONE",
      "link_type_name" : null,
      "link_type_role_feature_name" : null,
      "link_type_target_feature_name" : null
    } ],
    "uiName" : "Morphological features",
    "type" : "span",
    "description" : null,
    "enabled" : false,
    "built_in" : true,
    "readonly" : false,
    "attach_type" : {
      "name" : "de.tudarmstadt.ukp.dkpro.core.api.segmentation.type.Token",
      "features" : [ {
        "name" : "lemma",
        "tag_set" : null,
        "uiName" : "lemma",
        "type" : "de.tudarmstadt.ukp.dkpro.core.api.segmentation.type.Lemma",
        "enabled" : true,
        "visible" : true,
        "include_in_hover" : false,
        "required" : false,
        "remember" : false,
        "hideUnconstraintFeature" : false,
        "description" : null,
        "project_name" : "The Mysterious Affair at Styles",
        "multi_value_mode" : "NONE",
        "link_mode" : "NONE",
        "link_type_name" : null,
        "link_type_role_feature_name" : null,
        "link_type_target_feature_name" : null
      }, {
        "name" : "morph",
        "tag_set" : null,
        "uiName" : "morph",
        "type" : "de.tudarmstadt.ukp.dkpro.core.api.segmentation.type.Lemma",
        "enabled" : true,
        "visible" : true,
        "include_in_hover" : false,
        "required" : false,
        "remember" : false,
        "hideUnconstraintFeature" : false,
        "description" : null,
        "project_name" : "The Mysterious Affair at Styles",
        "multi_value_mode" : "NONE",
        "link_mode" : "NONE",
        "link_type_name" : null,
        "link_type_role_feature_name" : null,
        "link_type_target_feature_name" : null
      }, {
        "name" : "pos",
        "tag_set" : null,
        "uiName" : "pos",
        "type" : "de.tudarmstadt.ukp.dkpro.core.api.lexmorph.type.pos.POS",
        "enabled" : true,
        "visible" : true,
        "include_in_hover" : false,
        "required" : false,
        "remember" : false,
        "hideUnconstraintFeature" : false,
        "description" : null,
        "project_name" : "The Mysterious Affair at Styles",
        "multi_value_mode" : "NONE",
        "link_mode" : "NONE",
        "link_type_name" : null,
        "link_type_role_feature_name" : null,
        "link_type_target_feature_name" : null
      } ],
      "uiName" : "Token",
      "type" : "span",
      "description" : null,
      "enabled" : true,
      "built_in" : true,
      "readonly" : false,
      "attach_type" : null,
      "attach_feature" : null,
      "lock_to_token_offset" : true,
      "allow_stacking" : false,
      "cross_sentence" : false,
      "show_hover" : true,
      "multiple_tokens" : false,
      "project_name" : "The Mysterious Affair at Styles",
      "linked_list_behavior" : false,
      "on_click_javascript_action" : null
    },
    "attach_feature" : {
      "name" : "morph",
      "tag_set" : null,
      "uiName" : "morph",
      "type" : "de.tudarmstadt.ukp.dkpro.core.api.segmentation.type.Lemma",
      "enabled" : true,
      "visible" : true,
      "include_in_hover" : false,
      "required" : false,
      "remember" : false,
      "hideUnconstraintFeature" : false,
      "description" : null,
      "project_name" : "The Mysterious Affair at Styles",
      "multi_value_mode" : "NONE",
      "link_mode" : "NONE",
      "link_type_name" : null,
      "link_type_role_feature_name" : null,
      "link_type_target_feature_name" : null
    },
    "lock_to_token_offset" : true,
    "allow_stacking" : false,
    "cross_sentence" : false,
    "show_hover" : true,
    "multiple_tokens" : false,
    "project_name" : "The Mysterious Affair at Styles",
    "linked_list_behavior" : false,
    "on_click_javascript_action" : null
  }, {
    "name" : "de.tudarmstadt.ukp.dkpro.core.api.ner.type.NamedEntity",
    "features" : [ {
      "name" : "value",
      "tag_set" : null,
      "uiName" : "value",
      "type" : "uima.cas.String",
      "enabled" : true,
      "visible" : true,
      "include_in_hover" : false,
      "required" : false,
      "remember" : false,
      "hideUnconstraintFeature" : false,
      "description" : "Named entity type",
      "project_name" : "The Mysterious Affair at Styles",
      "multi_value_mode" : "NONE",
      "link_mode" : "NONE",
      "link_type_name" : null,
      "link_type_role_feature_name" : null,
      "link_type_target_feature_name" : null
    } ],
    "uiName" : "Named entity",
    "type" : "span",
    "description" : null,
    "enabled" : false,
    "built_in" : true,
    "readonly" : false,
    "attach_type" : null,
    "attach_feature" : null,
    "lock_to_token_offset" : false,
    "allow_stacking" : true,
    "cross_sentence" : false,
    "show_hover" : true,
    "multiple_tokens" : true,
    "project_name" : "The Mysterious Affair at Styles",
    "linked_list_behavior" : false,
    "on_click_javascript_action" : null
  }, {
    "name" : "de.tudarmstadt.ukp.dkpro.core.api.transform.type.SofaChangeAnnotation",
    "features" : [ {
      "name" : "value",
      "tag_set" : null,
      "uiName" : "Correction",
      "type" : "uima.cas.String",
      "enabled" : true,
      "visible" : true,
      "include_in_hover" : false,
      "required" : false,
      "remember" : false,
      "hideUnconstraintFeature" : false,
      "description" : "Correct this token using the specified operation.",
      "project_name" : "The Mysterious Affair at Styles",
      "multi_value_mode" : "NONE",
      "link_mode" : "NONE",
      "link_type_name" : null,
      "link_type_role_feature_name" : null,
      "link_type_target_feature_name" : null
    }, {
      "name" : "operation",
      "tag_set" : null,
      "uiName" : "Operation",
      "type" : "uima.cas.String",
      "enabled" : true,
      "visible" : false,
      "include_in_hover" : false,
      "required" : false,
      "remember" : false,
      "hideUnconstraintFeature" : false,
      "description" : "An operation taken to change this token.",
      "project_name" : "The Mysterious Affair at Styles",
      "multi_value_mode" : "NONE",
      "link_mode" : "NONE",
      "link_type_name" : null,
      "link_type_role_feature_name" : null,
      "link_type_target_feature_name" : null
    } ],
    "uiName" : "Orthography Correction",
    "type" : "span",
    "description" : null,
    "enabled" : false,
    "built_in" : true,
    "readonly" : false,
    "attach_type" : null,
    "attach_feature" : null,
    "lock_to_token_offset" : true,
    "allow_stacking" : false,
    "cross_sentence" : false,
    "show_hover" : true,
    "multiple_tokens" : false,
    "project_name" : "The Mysterious Affair at Styles",
    "linked_list_behavior" : false,
    "on_click_javascript_action" : null
  }, {
    "name" : "de.tudarmstadt.ukp.dkpro.core.api.lexmorph.type.pos.POS",
    "features" : [ {
      "name" : "PosValue",
      "tag_set" : null,
      "uiName" : "PosValue",
      "type" : "uima.cas.String",
      "enabled" : true,
      "visible" : true,
      "include_in_hover" : false,
      "required" : false,
      "remember" : false,
      "hideUnconstraintFeature" : false,
      "description" : "Part-of-speech tag",
      "project_name" : "The Mysterious Affair at Styles",
      "multi_value_mode" : "NONE",
      "link_mode" : "NONE",
      "link_type_name" : null,
      "link_type_role_feature_name" : null,
      "link_type_target_feature_name" : null
    } ],
    "uiName" : "POS",
    "type" : "span",
    "description" : null,
    "enabled" : false,
    "built_in" : true,
    "readonly" : false,
    "attach_type" : {
      "name" : "de.tudarmstadt.ukp.dkpro.core.api.segmentation.type.Token",
      "features" : [ {
        "name" : "lemma",
        "tag_set" : null,
        "uiName" : "lemma",
        "type" : "de.tudarmstadt.ukp.dkpro.core.api.segmentation.type.Lemma",
        "enabled" : true,
        "visible" : true,
        "include_in_hover" : false,
        "required" : false,
        "remember" : false,
        "hideUnconstraintFeature" : false,
        "description" : null,
        "project_name" : "The Mysterious Affair at Styles",
        "multi_value_mode" : "NONE",
        "link_mode" : "NONE",
        "link_type_name" : null,
        "link_type_role_feature_name" : null,
        "link_type_target_feature_name" : null
      }, {
        "name" : "morph",
        "tag_set" : null,
        "uiName" : "morph",
        "type" : "de.tudarmstadt.ukp.dkpro.core.api.segmentation.type.Lemma",
        "enabled" : true,
        "visible" : true,
        "include_in_hover" : false,
        "required" : false,
        "remember" : false,
        "hideUnconstraintFeature" : false,
        "description" : null,
        "project_name" : "The Mysterious Affair at Styles",
        "multi_value_mode" : "NONE",
        "link_mode" : "NONE",
        "link_type_name" : null,
        "link_type_role_feature_name" : null,
        "link_type_target_feature_name" : null
      }, {
        "name" : "pos",
        "tag_set" : null,
        "uiName" : "pos",
        "type" : "de.tudarmstadt.ukp.dkpro.core.api.lexmorph.type.pos.POS",
        "enabled" : true,
        "visible" : true,
        "include_in_hover" : false,
        "required" : false,
        "remember" : false,
        "hideUnconstraintFeature" : false,
        "description" : null,
        "project_name" : "The Mysterious Affair at Styles",
        "multi_value_mode" : "NONE",
        "link_mode" : "NONE",
        "link_type_name" : null,
        "link_type_role_feature_name" : null,
        "link_type_target_feature_name" : null
      } ],
      "uiName" : "Token",
      "type" : "span",
      "description" : null,
      "enabled" : true,
      "built_in" : true,
      "readonly" : false,
      "attach_type" : null,
      "attach_feature" : null,
      "lock_to_token_offset" : true,
      "allow_stacking" : false,
      "cross_sentence" : false,
      "show_hover" : true,
      "multiple_tokens" : false,
      "project_name" : "The Mysterious Affair at Styles",
      "linked_list_behavior" : false,
      "on_click_javascript_action" : null
    },
    "attach_feature" : {
      "name" : "pos",
      "tag_set" : null,
      "uiName" : "pos",
      "type" : "de.tudarmstadt.ukp.dkpro.core.api.lexmorph.type.pos.POS",
      "enabled" : true,
      "visible" : true,
      "include_in_hover" : false,
      "required" : false,
      "remember" : false,
      "hideUnconstraintFeature" : false,
      "description" : null,
      "project_name" : "The Mysterious Affair at Styles",
      "multi_value_mode" : "NONE",
      "link_mode" : "NONE",
      "link_type_name" : null,
      "link_type_role_feature_name" : null,
      "link_type_target_feature_name" : null
    },
    "lock_to_token_offset" : true,
    "allow_stacking" : false,
    "cross_sentence" : false,
    "show_hover" : true,
    "multiple_tokens" : false,
    "project_name" : "The Mysterious Affair at Styles",
    "linked_list_behavior" : false,
    "on_click_javascript_action" : null
  }, {
    "name" : "de.tudarmstadt.ukp.dkpro.core.api.semantics.type.SemArg",
    "features" : [ ],
    "uiName" : "SemArg",
    "type" : "span",
    "description" : null,
    "enabled" : false,
    "built_in" : true,
    "readonly" : false,
    "attach_type" : null,
    "attach_feature" : null,
    "lock_to_token_offset" : false,
    "allow_stacking" : true,
    "cross_sentence" : false,
    "show_hover" : true,
    "multiple_tokens" : true,
    "project_name" : "The Mysterious Affair at Styles",
    "linked_list_behavior" : false,
    "on_click_javascript_action" : null
  }, {
    "name" : "de.tudarmstadt.ukp.dkpro.core.api.semantics.type.SemPred",
    "features" : [ {
      "name" : "arguments",
      "tag_set" : null,
      "uiName" : "arguments",
      "type" : "de.tudarmstadt.ukp.dkpro.core.api.semantics.type.SemArg",
      "enabled" : true,
      "visible" : true,
      "include_in_hover" : false,
      "required" : false,
      "remember" : false,
      "hideUnconstraintFeature" : false,
      "description" : "Arguments of the semantic predicate",
      "project_name" : "The Mysterious Affair at Styles",
      "multi_value_mode" : "ARRAY",
      "link_mode" : "WITH_ROLE",
      "link_type_name" : "de.tudarmstadt.ukp.dkpro.core.api.semantics.type.SemArgLink",
      "link_type_role_feature_name" : "role",
      "link_type_target_feature_name" : "target"
    }, {
      "name" : "category",
      "tag_set" : null,
      "uiName" : "category",
      "type" : "uima.cas.String",
      "enabled" : true,
      "visible" : true,
      "include_in_hover" : false,
      "required" : false,
      "remember" : false,
      "hideUnconstraintFeature" : false,
      "description" : "Category of the semantic predicate, e.g. the frame identifier.",
      "project_name" : "The Mysterious Affair at Styles",
      "multi_value_mode" : "NONE",
      "link_mode" : "NONE",
      "link_type_name" : null,
      "link_type_role_feature_name" : null,
      "link_type_target_feature_name" : null
    } ],
    "uiName" : "SemPred",
    "type" : "span",
    "description" : null,
    "enabled" : false,
    "built_in" : true,
    "readonly" : false,
    "attach_type" : null,
    "attach_feature" : null,
    "lock_to_token_offset" : false,
    "allow_stacking" : true,
    "cross_sentence" : false,
    "show_hover" : true,
    "multiple_tokens" : true,
    "project_name" : "The Mysterious Affair at Styles",
    "linked_list_behavior" : false,
    "on_click_javascript_action" : null
  }, {
    "name" : "de.tudarmstadt.ukp.dkpro.core.api.segmentation.type.SurfaceForm",
    "features" : [ {
      "name" : "value",
      "tag_set" : null,
      "uiName" : "Form",
      "type" : "uima.cas.String",
      "enabled" : true,
      "visible" : true,
      "include_in_hover" : false,
      "required" : false,
      "remember" : false,
      "hideUnconstraintFeature" : false,
      "description" : "Original surface text",
      "project_name" : "The Mysterious Affair at Styles",
      "multi_value_mode" : "NONE",
      "link_mode" : "NONE",
      "link_type_name" : null,
      "link_type_role_feature_name" : null,
      "link_type_target_feature_name" : null
    } ],
    "uiName" : "Surface form",
    "type" : "span",
    "description" : null,
    "enabled" : false,
    "built_in" : true,
    "readonly" : false,
    "attach_type" : null,
    "attach_feature" : null,
    "lock_to_token_offset" : false,
    "allow_stacking" : false,
    "cross_sentence" : false,
    "show_hover" : true,
    "multiple_tokens" : true,
    "project_name" : "The Mysterious Affair at Styles",
    "linked_list_behavior" : false,
    "on_click_javascript_action" : null
  }, {
    "name" : "de.tudarmstadt.ukp.dkpro.core.api.segmentation.type.Token",
    "features" : [ {
      "name" : "lemma",
      "tag_set" : null,
      "uiName" : "lemma",
      "type" : "de.tudarmstadt.ukp.dkpro.core.api.segmentation.type.Lemma",
      "enabled" : true,
      "visible" : true,
      "include_in_hover" : false,
      "required" : false,
      "remember" : false,
      "hideUnconstraintFeature" : false,
      "description" : null,
      "project_name" : "The Mysterious Affair at Styles",
      "multi_value_mode" : "NONE",
      "link_mode" : "NONE",
      "link_type_name" : null,
      "link_type_role_feature_name" : null,
      "link_type_target_feature_name" : null
    }, {
      "name" : "morph",
      "tag_set" : null,
      "uiName" : "morph",
      "type" : "de.tudarmstadt.ukp.dkpro.core.api.segmentation.type.Lemma",
      "enabled" : true,
      "visible" : true,
      "include_in_hover" : false,
      "required" : false,
      "remember" : false,
      "hideUnconstraintFeature" : false,
      "description" : null,
      "project_name" : "The Mysterious Affair at Styles",
      "multi_value_mode" : "NONE",
      "link_mode" : "NONE",
      "link_type_name" : null,
      "link_type_role_feature_name" : null,
      "link_type_target_feature_name" : null
    }, {
      "name" : "pos",
      "tag_set" : null,
      "uiName" : "pos",
      "type" : "de.tudarmstadt.ukp.dkpro.core.api.lexmorph.type.pos.POS",
      "enabled" : true,
      "visible" : true,
      "include_in_hover" : false,
      "required" : false,
      "remember" : false,
      "hideUnconstraintFeature" : false,
      "description" : null,
      "project_name" : "The Mysterious Affair at Styles",
      "multi_value_mode" : "NONE",
      "link_mode" : "NONE",
      "link_type_name" : null,
      "link_type_role_feature_name" : null,
      "link_type_target_feature_name" : null
    } ],
    "uiName" : "Token",
    "type" : "span",
    "description" : null,
    "enabled" : true,
    "built_in" : true,
    "readonly" : false,
    "attach_type" : null,
    "attach_feature" : null,
    "lock_to_token_offset" : true,
    "allow_stacking" : false,
    "cross_sentence" : false,
    "show_hover" : true,
    "multiple_tokens" : false,
    "project_name" : "The Mysterious Affair at Styles",
    "linked_list_behavior" : false,
    "on_click_javascript_action" : null
  }, {
    "name" : "webanno.custom.Acc",
    "features" : [ ],
    "uiName" : "acc",
    "type" : "relation",
    "description" : "Accuracy relation",
    "enabled" : true,
    "built_in" : false,
    "readonly" : false,
    "attach_type" : {
      "name" : "webanno.custom.Accuracy",
      "features" : [ {
        "name" : "Accuracymain",
        "tag_set" : {
          "name" : "Accuracy main",
          "typeUiName" : null,
          "description" : "Accuracy main categories",
          "language" : null,
          "type" : null,
          "type_name" : null,
          "type_description" : null,
          "tags" : [ {
            "tag_name" : "Addition",
            "tag_description" : "Target text that is not present in the source sentence."
          }, {
            "tag_name" : "Capitalization & punctuation",
            "tag_description" : "Error related to capitalization or punctuation."
          }, {
            "tag_name" : "DNT",
            "tag_description" : "Do Not Translate: The source content is unnecessarily translated into target language when it should have been left untranslated."
          }, {
            "tag_name" : "Mistranslation",
            "tag_description" : "Source content has been translated (when it should be translated) but the translation is\r\nincorrect: Choose the suitable subcategory."
          }, {
            "tag_name" : "Omission",
            "tag_description" : "Source content that cannot be found in target sentence."
          }, {
            "tag_name" : "Other",
            "tag_description" : "(mechanical)"
          }, {
            "tag_name" : "Untranslated",
            "tag_description" : "The source text is not translated (but was copied to target) when it should have been translated into Dutch."
          } ],
          "create_tag" : false
        },
        "uiName" : "Accuracy main",
        "type" : "uima.cas.String",
        "enabled" : true,
        "visible" : true,
        "include_in_hover" : false,
        "required" : true,
        "remember" : false,
        "hideUnconstraintFeature" : false,
        "description" : "Accuracy subcategories",
        "project_name" : "The Mysterious Affair at Styles",
        "multi_value_mode" : "NONE",
        "link_mode" : "NONE",
        "link_type_name" : null,
        "link_type_role_feature_name" : null,
        "link_type_target_feature_name" : null
      }, {
        "name" : "Comment",
        "tag_set" : null,
        "uiName" : "Comment",
        "type" : "uima.cas.String",
        "enabled" : true,
        "visible" : false,
        "include_in_hover" : false,
        "required" : false,
        "remember" : false,
        "hideUnconstraintFeature" : false,
        "description" : null,
        "project_name" : "The Mysterious Affair at Styles",
        "multi_value_mode" : "NONE",
        "link_mode" : "NONE",
        "link_type_name" : null,
        "link_type_role_feature_name" : null,
        "link_type_target_feature_name" : null
      }, {
        "name" : "Accuracymistranslation",
        "tag_set" : {
          "name" : "Accuracy mistranslation",
          "typeUiName" : null,
          "description" : "mistranslation subcategories",
          "language" : null,
          "type" : null,
          "type_name" : null,
          "type_description" : null,
          "tags" : [ {
            "tag_name" : "MWE",
            "tag_description" : "Multi Word Expression: The translation is incorrect (and often too literal) because the English sentence\r\ncontained a multi-word expression such as an idiom, a proverb, a collocation, a compound or a\r\nphrasal verb. Idiomatic expressions and proverbs are indicated with a paragraph sign (¶) in van\r\nDale."
          }, {
            "tag_name" : "Other",
            "tag_description" : "The translation is incorrect but the problem cannot be captured with any of the other subcategories of \"Mistranslation\"."
          }, {
            "tag_name" : "POS",
            "tag_description" : "Part-of-Speech: The translation represents an incorrect lexical category (Part-of-Speech) of the corresponding source text."
          }, {
            "tag_name" : "Partial",
            "tag_description" : "The translation is incorrect, e.g. due to the partial translation of a Dutch separable verb."
          }, {
            "tag_name" : "Semantically Unrelated",
            "tag_description" : "The meaning of one or more translated words is not related in any way to the meaning of the source word(s) and does not make any sense in the context."
          }, {
            "tag_name" : "Word Sense",
            "tag_description" : "Word Sense disambiguation: The target content refers to a different (and a wrong) sense of the source content."
          } ],
          "create_tag" : false
        },
        "uiName" : "Mistranslation",
        "type" : "uima.cas.String",
        "enabled" : true,
        "visible" : true,
        "include_in_hover" : false,
        "required" : false,
        "remember" : false,
        "hideUnconstraintFeature" : true,
        "description" : null,
        "project_name" : "The Mysterious Affair at Styles",
        "multi_value_mode" : "NONE",
        "link_mode" : "NONE",
        "link_type_name" : null,
        "link_type_role_feature_name" : null,
        "link_type_target_feature_name" : null
      }, {
        "name" : "Otheraccuracyerrors",
        "tag_set" : {
          "name" : "Accuracy main",
          "typeUiName" : null,
          "description" : "Accuracy main categories",
          "language" : null,
          "type" : null,
          "type_name" : null,
          "type_description" : null,
          "tags" : [ {
            "tag_name" : "Addition",
            "tag_description" : "Target text that is not present in the source sentence."
          }, {
            "tag_name" : "Capitalization & punctuation",
            "tag_description" : "Error related to capitalization or punctuation."
          }, {
            "tag_name" : "DNT",
            "tag_description" : "Do Not Translate: The source content is unnecessarily translated into target language when it should have been left untranslated."
          }, {
            "tag_name" : "Mistranslation",
            "tag_description" : "Source content has been translated (when it should be translated) but the translation is\r\nincorrect: Choose the suitable subcategory."
          }, {
            "tag_name" : "Omission",
            "tag_description" : "Source content that cannot be found in target sentence."
          }, {
            "tag_name" : "Other",
            "tag_description" : "(mechanical)"
          }, {
            "tag_name" : "Untranslated",
            "tag_description" : "The source text is not translated (but was copied to target) when it should have been translated into Dutch."
          } ],
          "create_tag" : false
        },
        "uiName" : "main",
        "type" : "uima.cas.String",
        "enabled" : false,
        "visible" : false,
        "include_in_hover" : false,
        "required" : false,
        "remember" : false,
        "hideUnconstraintFeature" : false,
        "description" : null,
        "project_name" : "The Mysterious Affair at Styles",
        "multi_value_mode" : "NONE",
        "link_mode" : "NONE",
        "link_type_name" : null,
        "link_type_role_feature_name" : null,
        "link_type_target_feature_name" : null
      }, {
        "name" : "main",
        "tag_set" : null,
        "uiName" : "main",
        "type" : "uima.cas.String",
        "enabled" : false,
        "visible" : false,
        "include_in_hover" : false,
        "required" : false,
        "remember" : false,
        "hideUnconstraintFeature" : false,
        "description" : "main accuracy categories",
        "project_name" : "The Mysterious Affair at Styles",
        "multi_value_mode" : "NONE",
        "link_mode" : "NONE",
        "link_type_name" : null,
        "link_type_role_feature_name" : null,
        "link_type_target_feature_name" : null
      }, {
        "name" : "mistranslation",
        "tag_set" : {
          "name" : "Accuracy mistranslation",
          "typeUiName" : null,
          "description" : "mistranslation subcategories",
          "language" : null,
          "type" : null,
          "type_name" : null,
          "type_description" : null,
          "tags" : [ {
            "tag_name" : "MWE",
            "tag_description" : "Multi Word Expression: The translation is incorrect (and often too literal) because the English sentence\r\ncontained a multi-word expression such as an idiom, a proverb, a collocation, a compound or a\r\nphrasal verb. Idiomatic expressions and proverbs are indicated with a paragraph sign (¶) in van\r\nDale."
          }, {
            "tag_name" : "Other",
            "tag_description" : "The translation is incorrect but the problem cannot be captured with any of the other subcategories of \"Mistranslation\"."
          }, {
            "tag_name" : "POS",
            "tag_description" : "Part-of-Speech: The translation represents an incorrect lexical category (Part-of-Speech) of the corresponding source text."
          }, {
            "tag_name" : "Partial",
            "tag_description" : "The translation is incorrect, e.g. due to the partial translation of a Dutch separable verb."
          }, {
            "tag_name" : "Semantically Unrelated",
            "tag_description" : "The meaning of one or more translated words is not related in any way to the meaning of the source word(s) and does not make any sense in the context."
          }, {
            "tag_name" : "Word Sense",
            "tag_description" : "Word Sense disambiguation: The target content refers to a different (and a wrong) sense of the source content."
          } ],
          "create_tag" : false
        },
        "uiName" : "mistranslation",
        "type" : "uima.cas.String",
        "enabled" : true,
        "visible" : true,
        "include_in_hover" : false,
        "required" : false,
        "remember" : false,
        "hideUnconstraintFeature" : true,
        "description" : null,
        "project_name" : "The Mysterious Affair at Styles",
        "multi_value_mode" : "NONE",
        "link_mode" : "NONE",
        "link_type_name" : null,
        "link_type_role_feature_name" : null,
        "link_type_target_feature_name" : null
      } ],
      "uiName" : "Accuracy",
      "type" : "span",
      "description" : "Accuracy errors",
      "enabled" : true,
      "built_in" : false,
      "readonly" : false,
      "attach_type" : null,
      "attach_feature" : null,
      "lock_to_token_offset" : false,
      "allow_stacking" : true,
      "cross_sentence" : true,
      "show_hover" : true,
      "multiple_tokens" : true,
      "project_name" : "The Mysterious Affair at Styles",
      "linked_list_behavior" : false,
      "on_click_javascript_action" : null
    },
    "attach_feature" : null,
    "lock_to_token_offset" : true,
    "allow_stacking" : true,
    "cross_sentence" : true,
    "show_hover" : true,
    "multiple_tokens" : false,
    "project_name" : "The Mysterious Affair at Styles",
    "linked_list_behavior" : false,
    "on_click_javascript_action" : null
  }, {
    "name" : "webanno.custom.Flu",
    "features" : [ ],
    "uiName" : "flu",
    "type" : "relation",
    "description" : "Fluency relation",
    "enabled" : true,
    "built_in" : false,
    "readonly" : false,
    "attach_type" : {
      "name" : "webanno.custom.Fluency",
      "features" : [ {
        "name" : "Coherence",
        "tag_set" : {
          "name" : "Fluency coherence",
          "typeUiName" : null,
          "description" : "Subcategories of fluency coherence errors",
          "language" : null,
          "type" : null,
          "type_name" : null,
          "type_description" : null,
          "tags" : [ {
            "tag_name" : "Co-reference",
            "tag_description" : "Co-reference problem, mismatch between entities, e.g. feminine pronoun to refer to a male person."
          }, {
            "tag_name" : "Cultural reference",
            "tag_description" : "The word/phrase refers to something specific of the culture of the source, but makes no sense in the target language."
          }, {
            "tag_name" : "Discourse marker",
            "tag_description" : "The conjunction or linking word expresses a strange relationship."
          }, {
            "tag_name" : "Inconsistency",
            "tag_description" : "A term or a notation is used inconsistently throughout the text."
          }, {
            "tag_name" : "Logical problem",
            "tag_description" : "The information as such is illogical/confusing/makes no sense when looking at the rest of the text."
          }, {
            "tag_name" : "Logical problemn",
            "tag_description" : null
          }, {
            "tag_name" : "Non-existing word",
            "tag_description" : "The word does not exist in Dutch and makes no sense."
          }, {
            "tag_name" : "Verb tense",
            "tag_description" : "The tense of the verb is wrong/illogical in the context of the rest of the sentence/text."
          } ],
          "create_tag" : true
        },
        "uiName" : "Coherence",
        "type" : "uima.cas.String",
        "enabled" : true,
        "visible" : true,
        "include_in_hover" : false,
        "required" : false,
        "remember" : false,
        "hideUnconstraintFeature" : true,
        "description" : null,
        "project_name" : "The Mysterious Affair at Styles",
        "multi_value_mode" : "NONE",
        "link_mode" : "NONE",
        "link_type_name" : null,
        "link_type_role_feature_name" : null,
        "link_type_target_feature_name" : null
      }, {
        "name" : "Comment",
        "tag_set" : null,
        "uiName" : "Comment",
        "type" : "uima.cas.String",
        "enabled" : true,
        "visible" : false,
        "include_in_hover" : false,
        "required" : false,
        "remember" : false,
        "hideUnconstraintFeature" : false,
        "description" : "Add comments to annotation.",
        "project_name" : "The Mysterious Affair at Styles",
        "multi_value_mode" : "NONE",
        "link_mode" : "NONE",
        "link_type_name" : null,
        "link_type_role_feature_name" : null,
        "link_type_target_feature_name" : null
      }, {
        "name" : "main",
        "tag_set" : {
          "name" : "Fluency main",
          "typeUiName" : null,
          "description" : "Fluency categories",
          "language" : null,
          "type" : null,
          "type_name" : null,
          "type_description" : null,
          "tags" : [ {
            "tag_name" : "Coherence",
            "tag_description" : "There is something wrong with the coherence of the text: lack of logical structure, confusing relationships, lack of logical structure, …"
          }, {
            "tag_name" : "Grammar & Syntax",
            "tag_description" : "Anything that does not follow the grammatical or structural rules of the Dutch language"
          }, {
            "tag_name" : "Lexicon",
            "tag_description" : "One lexical element does not entirely fit in the Dutch sentence."
          }, {
            "tag_name" : "Other",
            "tag_description" : "Other errors"
          }, {
            "tag_name" : "Spelling",
            "tag_description" : "Wrong spelling of a word."
          }, {
            "tag_name" : "Style & Register",
            "tag_description" : "when there are so much errors that it becomes too difficult to annotate them seperately"
          } ],
          "create_tag" : false
        },
        "uiName" : "Fluency Main",
        "type" : "uima.cas.String",
        "enabled" : true,
        "visible" : true,
        "include_in_hover" : false,
        "required" : true,
        "remember" : false,
        "hideUnconstraintFeature" : false,
        "description" : "main fluency error categories",
        "project_name" : "The Mysterious Affair at Styles",
        "multi_value_mode" : "NONE",
        "link_mode" : "NONE",
        "link_type_name" : null,
        "link_type_role_feature_name" : null,
        "link_type_target_feature_name" : null
      }, {
        "name" : "FluencyGrammar",
        "tag_set" : {
          "name" : "Fluency grammar",
          "typeUiName" : null,
          "description" : "Grammar & syntax error subcategories",
          "language" : null,
          "type" : null,
          "type_name" : null,
          "type_description" : null,
          "tags" : [ {
            "tag_name" : "Agreement",
            "tag_description" : "The sentence is grammatically incorrect because there is a mismatch between and article and noun, subject-verb, etc."
          }, {
            "tag_name" : "Extra word",
            "tag_description" : "The sentence is grammatically incorrect because there is a superfluous constituent or word. This can be a constituent that already appeared earlier in the sentence or a word that has been written twice in a row."
          }, {
            "tag_name" : "Missing word",
            "tag_description" : "The sentence is grammatically incorrect because a necessary part of the structure is missing, this can be a preposition or an entire constituent such as an obligatory direct object."
          }, {
            "tag_name" : "Verb form",
            "tag_description" : "A grammatically incorrect verb form."
          }, {
            "tag_name" : "Word order",
            "tag_description" : "A grammatically incorrect word order."
          } ],
          "create_tag" : false
        },
        "uiName" : "Gra & Syn",
        "type" : "uima.cas.String",
        "enabled" : true,
        "visible" : true,
        "include_in_hover" : false,
        "required" : false,
        "remember" : false,
        "hideUnconstraintFeature" : true,
        "description" : null,
        "project_name" : "The Mysterious Affair at Styles",
        "multi_value_mode" : "NONE",
        "link_mode" : "NONE",
        "link_type_name" : null,
        "link_type_role_feature_name" : null,
        "link_type_target_feature_name" : null
      }, {
        "name" : "FluencyLexicon",
        "tag_set" : {
          "name" : "Fluency lexicon",
          "typeUiName" : null,
          "description" : "subcategories of lexical errors",
          "language" : null,
          "type" : null,
          "type_name" : null,
          "type_description" : null,
          "tags" : [ {
            "tag_name" : "Lexical choice",
            "tag_description" : "The meaning of the word is clear in the context, but it is not idiomatic in Dutch."
          }, {
            "tag_name" : "Wrong preposition",
            "tag_description" : "This expression requires a different preposition."
          } ],
          "create_tag" : false
        },
        "uiName" : "Lexicon",
        "type" : "uima.cas.String",
        "enabled" : true,
        "visible" : true,
        "include_in_hover" : false,
        "required" : false,
        "remember" : false,
        "hideUnconstraintFeature" : true,
        "description" : null,
        "project_name" : "The Mysterious Affair at Styles",
        "multi_value_mode" : "NONE",
        "link_mode" : "NONE",
        "link_type_name" : null,
        "link_type_role_feature_name" : null,
        "link_type_target_feature_name" : null
      }, {
        "name" : "StyleRegister",
        "tag_set" : {
          "name" : "Fluency style & register",
          "typeUiName" : null,
          "description" : null,
          "language" : null,
          "type" : null,
          "type_name" : null,
          "type_description" : null,
          "tags" : [ {
            "tag_name" : "Disfluent sentence/construction",
            "tag_description" : "The sentence / constituent is not grammatically incorrect, but it is nonetheless very difficult to read, it could be translated in a much more idiomatic way."
          }, {
            "tag_name" : "Register",
            "tag_description" : "The words have the same meaning, but the chosen word/expression is too formal/informal/... for the text or belongs to a regional variety of the language that is not entirely suitable for the target audience.'"
          }, {
            "tag_name" : "Repetition",
            "tag_description" : "The same or a very similar word/expression is used more than once."
          }, {
            "tag_name" : "Untranslated",
            "tag_description" : "A word / fragment of which a Dutch translation exists is left untranslated."
          } ],
          "create_tag" : true
        },
        "uiName" : "Style & Reg",
        "type" : "uima.cas.String",
        "enabled" : true,
        "visible" : true,
        "include_in_hover" : false,
        "required" : false,
        "remember" : false,
        "hideUnconstraintFeature" : true,
        "description" : null,
        "project_name" : "The Mysterious Affair at Styles",
        "multi_value_mode" : "NONE",
        "link_mode" : "NONE",
        "link_type_name" : null,
        "link_type_role_feature_name" : null,
        "link_type_target_feature_name" : null
      }, {
        "name" : "grammar",
        "tag_set" : {
          "name" : "Fluency grammar",
          "typeUiName" : null,
          "description" : "Grammar & syntax error subcategories",
          "language" : null,
          "type" : null,
          "type_name" : null,
          "type_description" : null,
          "tags" : [ {
            "tag_name" : "Agreement",
            "tag_description" : "The sentence is grammatically incorrect because there is a mismatch between and article and noun, subject-verb, etc."
          }, {
            "tag_name" : "Extra word",
            "tag_description" : "The sentence is grammatically incorrect because there is a superfluous constituent or word. This can be a constituent that already appeared earlier in the sentence or a word that has been written twice in a row."
          }, {
            "tag_name" : "Missing word",
            "tag_description" : "The sentence is grammatically incorrect because a necessary part of the structure is missing, this can be a preposition or an entire constituent such as an obligatory direct object."
          }, {
            "tag_name" : "Verb form",
            "tag_description" : "A grammatically incorrect verb form."
          }, {
            "tag_name" : "Word order",
            "tag_description" : "A grammatically incorrect word order."
          } ],
          "create_tag" : false
        },
        "uiName" : "grammar",
        "type" : "uima.cas.String",
        "enabled" : false,
        "visible" : false,
        "include_in_hover" : false,
        "required" : false,
        "remember" : false,
        "hideUnconstraintFeature" : true,
        "description" : null,
        "project_name" : "The Mysterious Affair at Styles",
        "multi_value_mode" : "NONE",
        "link_mode" : "NONE",
        "link_type_name" : null,
        "link_type_role_feature_name" : null,
        "link_type_target_feature_name" : null
      }, {
        "name" : "lexicon",
        "tag_set" : {
          "name" : "Fluency lexicon",
          "typeUiName" : null,
          "description" : "subcategories of lexical errors",
          "language" : null,
          "type" : null,
          "type_name" : null,
          "type_description" : null,
          "tags" : [ {
            "tag_name" : "Lexical choice",
            "tag_description" : "The meaning of the word is clear in the context, but it is not idiomatic in Dutch."
          }, {
            "tag_name" : "Wrong preposition",
            "tag_description" : "This expression requires a different preposition."
          } ],
          "create_tag" : false
        },
        "uiName" : "lexicon",
        "type" : "uima.cas.String",
        "enabled" : false,
        "visible" : false,
        "include_in_hover" : false,
        "required" : false,
        "remember" : false,
        "hideUnconstraintFeature" : false,
        "description" : null,
        "project_name" : "The Mysterious Affair at Styles",
        "multi_value_mode" : "NONE",
        "link_mode" : "NONE",
        "link_type_name" : null,
        "link_type_role_feature_name" : null,
        "link_type_target_feature_name" : null
      } ],
      "uiName" : "Fluency",
      "type" : "span",
      "description" : "Fluency errors",
      "enabled" : true,
      "built_in" : false,
      "readonly" : false,
      "attach_type" : null,
      "attach_feature" : null,
      "lock_to_token_offset" : false,
      "allow_stacking" : true,
      "cross_sentence" : true,
      "show_hover" : true,
      "multiple_tokens" : true,
      "project_name" : "The Mysterious Affair at Styles",
      "linked_list_behavior" : false,
      "on_click_javascript_action" : null
    },
    "attach_feature" : null,
    "lock_to_token_offset" : true,
    "allow_stacking" : true,
    "cross_sentence" : true,
    "show_hover" : true,
    "multiple_tokens" : false,
    "project_name" : "The Mysterious Affair at Styles",
    "linked_list_behavior" : false,
    "on_click_javascript_action" : null
  } ],
  "mira_templates" : [ ],
  "disableExport" : false,
  "script_direction" : "LTR",
  "created" : 1583402207609,
  "updated" : 1583404495748
}